<?xml version="1.0" encoding="utf-8"?>

<feed>

	<item title="CNET Japan" href="http://japan.cnet.com/rss/index.rdf" />
	<item title="WIRED NEWS" href="http://hotwired.goo.ne.jp/news/index.rdf" />
	<item title="asahi.com" href="http://www3.asahi.com/rss/index.rdf" />
	<item title="nikkeibp.jp" href="http://nikkeibp.jp/jp/flash/index.rdf" />
	<item title="アップル - ホットニュース" href="http://www.apple.com/jp/main/rss/hotnews/hotnews.rss" />
	<item title="ITmedia オルタナティブ" href="http://blogs.itmedia.co.jp/index.rdf" />
	<item title="RSS いぬリンク" href="http://www.starfleet.ac/~inu/link/index.rdf" />

</feed>

<setting>

	<animation value="false" />
	<background src="rssReader_bg.jpg" />
	<channelColor text="0x333333" textOn="0xFFFFFF" highlight="1" highlightAlpha="100" />
	<entryColor date="0x990000" title="0x336699" description="0x333333" highlight="1" highlightAlpha="100" />

</setting>